SourceFile	ExifToolVersion	FileName	Directory	FileSize	FileModifyDate	FileAccessDate	FileInodeChangeDate	FilePermissions	FileType	FileTypeExtension	MIMEType	ExifByteOrder	Make	Model	Orientation	Software	SubfileType	ImageWidth	ImageHeight	BitsPerSample	Compression	PhotometricInterpretation	SamplesPerPixel	PlanarConfiguration	CFARepeatPatternDim	CFAPattern2	BlackLevelRepeatDim	BlackLevel	WhiteLevel	StripOffsets	StripByteCounts	ExposureTime	ISO	DateTimeOriginal	DNGVersion	DNGBackwardVersion	UniqueCameraModel	ColorMatrix1	AsShotNeutral	CalibrationIlluminant1	CFAPattern	ImageSize	Megapixels	ShutterSpeed
Characterisation/Data/rep/repetitionInTIme/measurement0.dng	11.88	measurement0.dng	Characterisation/Data/rep/repetitionInTIme	10137304	2023:10:09 15:33:06-03:00	2024:07:22 15:53:58-03:00	2024:07:22 15:53:53-03:00	755	DNG	DNG	image/x-adobe-dng	II	Raspberry Pi	/base/soc/i2c0mux/i2c@1/ov5647@36	1	libcamera-still	0	2592	1944	16	1	32803	1	1	2 2	1 2 0 1	2 2	16 16 16 16	1023	0	0	0.01998900063	100	2022:10:13 10:07:29	1 1 0 0	1 0 0 0	/base/soc/i2c0mux/i2c@1/ov5647@36	1.533960104 -0.3398919702 -0.1084541157 -0.286455512 1.178185821 0.08640078455 -0.0935889408 0.3772353232 0.6536518335	1 1 1	21	2 2 1 2 0 1	2592 1944	5.038848	0.01998900063
Characterisation/Data/rep/repetitionInTIme/measurement1.dng	11.88	measurement1.dng	Characterisation/Data/rep/repetitionInTIme	10137304	2023:10:09 15:33:06-03:00	2024:07:22 15:42:48-03:00	2024:07:22 15:53:53-03:00	755	DNG	DNG	image/x-adobe-dng	II	Raspberry Pi	/base/soc/i2c0mux/i2c@1/ov5647@36	1	libcamera-still	0	2592	1944	16	1	32803	1	1	2 2	1 2 0 1	2 2	16 16 16 16	1023	0	0	0.01998900063	100	2022:10:13 10:08:34	1 1 0 0	1 0 0 0	/base/soc/i2c0mux/i2c@1/ov5647@36	1.533960104 -0.3398919702 -0.1084541157 -0.286455512 1.178185821 0.08640078455 -0.0935889408 0.3772353232 0.6536518335	1 1 1	21	2 2 1 2 0 1	2592 1944	5.038848	0.01998900063
Characterisation/Data/rep/repetitionInTIme/measurement10.dng	11.88	measurement10.dng	Characterisation/Data/rep/repetitionInTIme	10137304	2023:10:09 15:33:07-03:00	2024:07:22 15:42:50-03:00	2024:07:22 15:53:53-03:00	755	DNG	DNG	image/x-adobe-dng	II	Raspberry Pi	/base/soc/i2c0mux/i2c@1/ov5647@36	1	libcamera-still	0	2592	1944	16	1	32803	1	1	2 2	1 2 0 1	2 2	16 16 16 16	1023	0	0	0.01998900063	100	2022:10:13 10:18:11	1 1 0 0	1 0 0 0	/base/soc/i2c0mux/i2c@1/ov5647@36	1.533960104 -0.3398919702 -0.1084541157 -0.286455512 1.178185821 0.08640078455 -0.0935889408 0.3772353232 0.6536518335	1 1 1	21	2 2 1 2 0 1	2592 1944	5.038848	0.01998900063
Characterisation/Data/rep/repetitionInTIme/measurement11.dng	11.88	measurement11.dng	Characterisation/Data/rep/repetitionInTIme	10137304	2023:10:09 15:33:07-03:00	2024:07:22 15:42:51-03:00	2024:07:22 15:53:53-03:00	755	DNG	DNG	image/x-adobe-dng	II	Raspberry Pi	/base/soc/i2c0mux/i2c@1/ov5647@36	1	libcamera-still	0	2592	1944	16	1	32803	1	1	2 2	1 2 0 1	2 2	16 16 16 16	1023	0	0	0.01998900063	100	2022:10:13 10:19:16	1 1 0 0	1 0 0 0	/base/soc/i2c0mux/i2c@1/ov5647@36	1.533960104 -0.3398919702 -0.1084541157 -0.286455512 1.178185821 0.08640078455 -0.0935889408 0.3772353232 0.6536518335	1 1 1	21	2 2 1 2 0 1	2592 1944	5.038848	0.01998900063
Characterisation/Data/rep/repetitionInTIme/measurement12.dng	11.88	measurement12.dng	Characterisation/Data/rep/repetitionInTIme	10137304	2023:10:09 15:33:07-03:00	2024:07:22 15:42:51-03:00	2024:07:22 15:53:53-03:00	755	DNG	DNG	image/x-adobe-dng	II	Raspberry Pi	/base/soc/i2c0mux/i2c@1/ov5647@36	1	libcamera-still	0	2592	1944	16	1	32803	1	1	2 2	1 2 0 1	2 2	16 16 16 16	1023	0	0	0.01998900063	100	2022:10:13 10:20:20	1 1 0 0	1 0 0 0	/base/soc/i2c0mux/i2c@1/ov5647@36	1.533960104 -0.3398919702 -0.1084541157 -0.286455512 1.178185821 0.08640078455 -0.0935889408 0.3772353232 0.6536518335	1 1 1	21	2 2 1 2 0 1	2592 1944	5.038848	0.01998900063
Characterisation/Data/rep/repetitionInTIme/measurement13.dng	11.88	measurement13.dng	Characterisation/Data/rep/repetitionInTIme	10137304	2023:10:09 15:33:07-03:00	2024:07:22 15:42:51-03:00	2024:07:22 15:53:53-03:00	755	DNG	DNG	image/x-adobe-dng	II	Raspberry Pi	/base/soc/i2c0mux/i2c@1/ov5647@36	1	libcamera-still	0	2592	1944	16	1	32803	1	1	2 2	1 2 0 1	2 2	16 16 16 16	1023	0	0	0.01998900063	100	2022:10:13 10:21:24	1 1 0 0	1 0 0 0	/base/soc/i2c0mux/i2c@1/ov5647@36	1.533960104 -0.3398919702 -0.1084541157 -0.286455512 1.178185821 0.08640078455 -0.0935889408 0.3772353232 0.6536518335	1 1 1	21	2 2 1 2 0 1	2592 1944	5.038848	0.01998900063
Characterisation/Data/rep/repetitionInTIme/measurement14.dng	11.88	measurement14.dng	Characterisation/Data/rep/repetitionInTIme	10137304	2023:10:09 15:33:07-03:00	2024:07:22 15:42:52-03:00	2024:07:22 15:53:53-03:00	755	DNG	DNG	image/x-adobe-dng	II	Raspberry Pi	/base/soc/i2c0mux/i2c@1/ov5647@36	1	libcamera-still	0	2592	1944	16	1	32803	1	1	2 2	1 2 0 1	2 2	16 16 16 16	1023	0	0	0.01998900063	100	2022:10:13 10:22:28	1 1 0 0	1 0 0 0	/base/soc/i2c0mux/i2c@1/ov5647@36	1.533960104 -0.3398919702 -0.1084541157 -0.286455512 1.178185821 0.08640078455 -0.0935889408 0.3772353232 0.6536518335	1 1 1	21	2 2 1 2 0 1	2592 1944	5.038848	0.01998900063
Characterisation/Data/rep/repetitionInTIme/measurement15.dng	11.88	measurement15.dng	Characterisation/Data/rep/repetitionInTIme	10137304	2023:10:09 15:33:07-03:00	2024:07:22 15:42:52-03:00	2024:07:22 15:53:53-03:00	755	DNG	DNG	image/x-adobe-dng	II	Raspberry Pi	/base/soc/i2c0mux/i2c@1/ov5647@36	1	libcamera-still	0	2592	1944	16	1	32803	1	1	2 2	1 2 0 1	2 2	16 16 16 16	1023	0	0	0.01998900063	100	2022:10:13 10:23:32	1 1 0 0	1 0 0 0	/base/soc/i2c0mux/i2c@1/ov5647@36	1.533960104 -0.3398919702 -0.1084541157 -0.286455512 1.178185821 0.08640078455 -0.0935889408 0.3772353232 0.6536518335	1 1 1	21	2 2 1 2 0 1	2592 1944	5.038848	0.01998900063
Characterisation/Data/rep/repetitionInTIme/measurement16.dng	11.88	measurement16.dng	Characterisation/Data/rep/repetitionInTIme	10137304	2023:10:09 15:33:07-03:00	2024:07:22 15:42:52-03:00	2024:07:22 15:53:53-03:00	755	DNG	DNG	image/x-adobe-dng	II	Raspberry Pi	/base/soc/i2c0mux/i2c@1/ov5647@36	1	libcamera-still	0	2592	1944	16	1	32803	1	1	2 2	1 2 0 1	2 2	16 16 16 16	1023	0	0	0.01998900063	100	2022:10:13 10:24:37	1 1 0 0	1 0 0 0	/base/soc/i2c0mux/i2c@1/ov5647@36	1.533960104 -0.3398919702 -0.1084541157 -0.286455512 1.178185821 0.08640078455 -0.0935889408 0.3772353232 0.6536518335	1 1 1	21	2 2 1 2 0 1	2592 1944	5.038848	0.01998900063
Characterisation/Data/rep/repetitionInTIme/measurement17.dng	11.88	measurement17.dng	Characterisation/Data/rep/repetitionInTIme	10137304	2023:10:09 15:33:07-03:00	2024:07:22 15:42:53-03:00	2024:07:22 15:53:53-03:00	755	DNG	DNG	image/x-adobe-dng	II	Raspberry Pi	/base/soc/i2c0mux/i2c@1/ov5647@36	1	libcamera-still	0	2592	1944	16	1	32803	1	1	2 2	1 2 0 1	2 2	16 16 16 16	1023	0	0	0.01998900063	100	2022:10:13 10:25:40	1 1 0 0	1 0 0 0	/base/soc/i2c0mux/i2c@1/ov5647@36	1.533960104 -0.3398919702 -0.1084541157 -0.286455512 1.178185821 0.08640078455 -0.0935889408 0.3772353232 0.6536518335	1 1 1	21	2 2 1 2 0 1	2592 1944	5.038848	0.01998900063
Characterisation/Data/rep/repetitionInTIme/measurement18.dng	11.88	measurement18.dng	Characterisation/Data/rep/repetitionInTIme	10137304	2023:10:09 15:33:07-03:00	2024:07:22 15:42:53-03:00	2024:07:22 15:53:53-03:00	755	DNG	DNG	image/x-adobe-dng	II	Raspberry Pi	/base/soc/i2c0mux/i2c@1/ov5647@36	1	libcamera-still	0	2592	1944	16	1	32803	1	1	2 2	1 2 0 1	2 2	16 16 16 16	1023	0	0	0.01998900063	100	2022:10:13 10:26:45	1 1 0 0	1 0 0 0	/base/soc/i2c0mux/i2c@1/ov5647@36	1.533960104 -0.3398919702 -0.1084541157 -0.286455512 1.178185821 0.08640078455 -0.0935889408 0.3772353232 0.6536518335	1 1 1	21	2 2 1 2 0 1	2592 1944	5.038848	0.01998900063
Characterisation/Data/rep/repetitionInTIme/measurement19.dng	11.88	measurement19.dng	Characterisation/Data/rep/repetitionInTIme	10137304	2023:10:09 15:33:07-03:00	2024:07:22 15:42:53-03:00	2024:07:22 15:53:53-03:00	755	DNG	DNG	image/x-adobe-dng	II	Raspberry Pi	/base/soc/i2c0mux/i2c@1/ov5647@36	1	libcamera-still	0	2592	1944	16	1	32803	1	1	2 2	1 2 0 1	2 2	16 16 16 16	1023	0	0	0.01998900063	100	2022:10:13 10:27:49	1 1 0 0	1 0 0 0	/base/soc/i2c0mux/i2c@1/ov5647@36	1.533960104 -0.3398919702 -0.1084541157 -0.286455512 1.178185821 0.08640078455 -0.0935889408 0.3772353232 0.6536518335	1 1 1	21	2 2 1 2 0 1	2592 1944	5.038848	0.01998900063
Characterisation/Data/rep/repetitionInTIme/measurement2.dng	11.88	measurement2.dng	Characterisation/Data/rep/repetitionInTIme	10137304	2023:10:09 15:33:06-03:00	2024:07:22 15:42:48-03:00	2024:07:22 15:53:53-03:00	755	DNG	DNG	image/x-adobe-dng	II	Raspberry Pi	/base/soc/i2c0mux/i2c@1/ov5647@36	1	libcamera-still	0	2592	1944	16	1	32803	1	1	2 2	1 2 0 1	2 2	16 16 16 16	1023	0	0	0.01998900063	100	2022:10:13 10:09:38	1 1 0 0	1 0 0 0	/base/soc/i2c0mux/i2c@1/ov5647@36	1.533960104 -0.3398919702 -0.1084541157 -0.286455512 1.178185821 0.08640078455 -0.0935889408 0.3772353232 0.6536518335	1 1 1	21	2 2 1 2 0 1	2592 1944	5.038848	0.01998900063
Characterisation/Data/rep/repetitionInTIme/measurement20.dng	11.88	measurement20.dng	Characterisation/Data/rep/repetitionInTIme	10137304	2023:10:09 15:33:08-03:00	2024:07:22 15:42:54-03:00	2024:07:22 15:53:53-03:00	755	DNG	DNG	image/x-adobe-dng	II	Raspberry Pi	/base/soc/i2c0mux/i2c@1/ov5647@36	1	libcamera-still	0	2592	1944	16	1	32803	1	1	2 2	1 2 0 1	2 2	16 16 16 16	1023	0	0	0.01998900063	100	2022:10:13 10:28:54	1 1 0 0	1 0 0 0	/base/soc/i2c0mux/i2c@1/ov5647@36	1.533960104 -0.3398919702 -0.1084541157 -0.286455512 1.178185821 0.08640078455 -0.0935889408 0.3772353232 0.6536518335	1 1 1	21	2 2 1 2 0 1	2592 1944	5.038848	0.01998900063
Characterisation/Data/rep/repetitionInTIme/measurement21.dng	11.88	measurement21.dng	Characterisation/Data/rep/repetitionInTIme	10137304	2023:10:09 15:33:08-03:00	2024:07:22 15:42:54-03:00	2024:07:22 15:53:53-03:00	755	DNG	DNG	image/x-adobe-dng	II	Raspberry Pi	/base/soc/i2c0mux/i2c@1/ov5647@36	1	libcamera-still	0	2592	1944	16	1	32803	1	1	2 2	1 2 0 1	2 2	16 16 16 16	1023	0	0	0.01998900063	100	2022:10:13 10:29:58	1 1 0 0	1 0 0 0	/base/soc/i2c0mux/i2c@1/ov5647@36	1.533960104 -0.3398919702 -0.1084541157 -0.286455512 1.178185821 0.08640078455 -0.0935889408 0.3772353232 0.6536518335	1 1 1	21	2 2 1 2 0 1	2592 1944	5.038848	0.01998900063
Characterisation/Data/rep/repetitionInTIme/measurement22.dng	11.88	measurement22.dng	Characterisation/Data/rep/repetitionInTIme	10137304	2023:10:09 15:33:08-03:00	2024:07:22 15:42:54-03:00	2024:07:22 15:53:53-03:00	755	DNG	DNG	image/x-adobe-dng	II	Raspberry Pi	/base/soc/i2c0mux/i2c@1/ov5647@36	1	libcamera-still	0	2592	1944	16	1	32803	1	1	2 2	1 2 0 1	2 2	16 16 16 16	1023	0	0	0.01998900063	100	2022:10:13 10:31:03	1 1 0 0	1 0 0 0	/base/soc/i2c0mux/i2c@1/ov5647@36	1.533960104 -0.3398919702 -0.1084541157 -0.286455512 1.178185821 0.08640078455 -0.0935889408 0.3772353232 0.6536518335	1 1 1	21	2 2 1 2 0 1	2592 1944	5.038848	0.01998900063
Characterisation/Data/rep/repetitionInTIme/measurement23.dng	11.88	measurement23.dng	Characterisation/Data/rep/repetitionInTIme	10137304	2023:10:09 15:33:08-03:00	2024:07:22 15:42:55-03:00	2024:07:22 15:53:53-03:00	755	DNG	DNG	image/x-adobe-dng	II	Raspberry Pi	/base/soc/i2c0mux/i2c@1/ov5647@36	1	libcamera-still	0	2592	1944	16	1	32803	1	1	2 2	1 2 0 1	2 2	16 16 16 16	1023	0	0	0.01998900063	100	2022:10:13 10:32:06	1 1 0 0	1 0 0 0	/base/soc/i2c0mux/i2c@1/ov5647@36	1.533960104 -0.3398919702 -0.1084541157 -0.286455512 1.178185821 0.08640078455 -0.0935889408 0.3772353232 0.6536518335	1 1 1	21	2 2 1 2 0 1	2592 1944	5.038848	0.01998900063
Characterisation/Data/rep/repetitionInTIme/measurement24.dng	11.88	measurement24.dng	Characterisation/Data/rep/repetitionInTIme	10137304	2023:10:09 15:33:08-03:00	2024:07:22 15:42:55-03:00	2024:07:22 15:53:53-03:00	755	DNG	DNG	image/x-adobe-dng	II	Raspberry Pi	/base/soc/i2c0mux/i2c@1/ov5647@36	1	libcamera-still	0	2592	1944	16	1	32803	1	1	2 2	1 2 0 1	2 2	16 16 16 16	1023	0	0	0.01998900063	100	2022:10:13 10:33:27	1 1 0 0	1 0 0 0	/base/soc/i2c0mux/i2c@1/ov5647@36	1.533960104 -0.3398919702 -0.1084541157 -0.286455512 1.178185821 0.08640078455 -0.0935889408 0.3772353232 0.6536518335	1 1 1	21	2 2 1 2 0 1	2592 1944	5.038848	0.01998900063
Characterisation/Data/rep/repetitionInTIme/measurement25.dng	11.88	measurement25.dng	Characterisation/Data/rep/repetitionInTIme	10137304	2023:10:09 15:33:06-03:00	2024:07:22 15:42:55-03:00	2024:07:22 15:53:53-03:00	755	DNG	DNG	image/x-adobe-dng	II	Raspberry Pi	/base/soc/i2c0mux/i2c@1/ov5647@36	1	libcamera-still	0	2592	1944	16	1	32803	1	1	2 2	1 2 0 1	2 2	16 16 16 16	1023	0	0	0.01998900063	100	2022:10:13 10:34:31	1 1 0 0	1 0 0 0	/base/soc/i2c0mux/i2c@1/ov5647@36	1.533960104 -0.3398919702 -0.1084541157 -0.286455512 1.178185821 0.08640078455 -0.0935889408 0.3772353232 0.6536518335	1 1 1	21	2 2 1 2 0 1	2592 1944	5.038848	0.01998900063
Characterisation/Data/rep/repetitionInTIme/measurement26.dng	11.88	measurement26.dng	Characterisation/Data/rep/repetitionInTIme	10137304	2023:10:09 15:33:08-03:00	2024:07:22 15:42:56-03:00	2024:07:22 15:53:53-03:00	755	DNG	DNG	image/x-adobe-dng	II	Raspberry Pi	/base/soc/i2c0mux/i2c@1/ov5647@36	1	libcamera-still	0	2592	1944	16	1	32803	1	1	2 2	1 2 0 1	2 2	16 16 16 16	1023	0	0	0.01998900063	100	2022:10:13 10:35:34	1 1 0 0	1 0 0 0	/base/soc/i2c0mux/i2c@1/ov5647@36	1.533960104 -0.3398919702 -0.1084541157 -0.286455512 1.178185821 0.08640078455 -0.0935889408 0.3772353232 0.6536518335	1 1 1	21	2 2 1 2 0 1	2592 1944	5.038848	0.01998900063
Characterisation/Data/rep/repetitionInTIme/measurement27.dng	11.88	measurement27.dng	Characterisation/Data/rep/repetitionInTIme	10137304	2023:10:09 15:33:08-03:00	2024:07:22 15:42:56-03:00	2024:07:22 15:53:53-03:00	755	DNG	DNG	image/x-adobe-dng	II	Raspberry Pi	/base/soc/i2c0mux/i2c@1/ov5647@36	1	libcamera-still	0	2592	1944	16	1	32803	1	1	2 2	1 2 0 1	2 2	16 16 16 16	1023	0	0	0.01998900063	100	2022:10:13 10:36:38	1 1 0 0	1 0 0 0	/base/soc/i2c0mux/i2c@1/ov5647@36	1.533960104 -0.3398919702 -0.1084541157 -0.286455512 1.178185821 0.08640078455 -0.0935889408 0.3772353232 0.6536518335	1 1 1	21	2 2 1 2 0 1	2592 1944	5.038848	0.01998900063
Characterisation/Data/rep/repetitionInTIme/measurement28.dng	11.88	measurement28.dng	Characterisation/Data/rep/repetitionInTIme	10137304	2023:10:09 15:33:08-03:00	2024:07:22 15:42:56-03:00	2024:07:22 15:53:53-03:00	755	DNG	DNG	image/x-adobe-dng	II	Raspberry Pi	/base/soc/i2c0mux/i2c@1/ov5647@36	1	libcamera-still	0	2592	1944	16	1	32803	1	1	2 2	1 2 0 1	2 2	16 16 16 16	1023	0	0	0.01998900063	100	2022:10:13 10:37:41	1 1 0 0	1 0 0 0	/base/soc/i2c0mux/i2c@1/ov5647@36	1.533960104 -0.3398919702 -0.1084541157 -0.286455512 1.178185821 0.08640078455 -0.0935889408 0.3772353232 0.6536518335	1 1 1	21	2 2 1 2 0 1	2592 1944	5.038848	0.01998900063
Characterisation/Data/rep/repetitionInTIme/measurement29.dng	11.88	measurement29.dng	Characterisation/Data/rep/repetitionInTIme	10137304	2023:10:09 15:33:08-03:00	2024:07:22 15:42:57-03:00	2024:07:22 15:53:53-03:00	755	DNG	DNG	image/x-adobe-dng	II	Raspberry Pi	/base/soc/i2c0mux/i2c@1/ov5647@36	1	libcamera-still	0	2592	1944	16	1	32803	1	1	2 2	1 2 0 1	2 2	16 16 16 16	1023	0	0	0.01998900063	100	2022:10:13 10:38:45	1 1 0 0	1 0 0 0	/base/soc/i2c0mux/i2c@1/ov5647@36	1.533960104 -0.3398919702 -0.1084541157 -0.286455512 1.178185821 0.08640078455 -0.0935889408 0.3772353232 0.6536518335	1 1 1	21	2 2 1 2 0 1	2592 1944	5.038848	0.01998900063
Characterisation/Data/rep/repetitionInTIme/measurement3.dng	11.88	measurement3.dng	Characterisation/Data/rep/repetitionInTIme	10137304	2023:10:09 15:33:06-03:00	2024:07:22 15:42:48-03:00	2024:07:22 15:53:53-03:00	755	DNG	DNG	image/x-adobe-dng	II	Raspberry Pi	/base/soc/i2c0mux/i2c@1/ov5647@36	1	libcamera-still	0	2592	1944	16	1	32803	1	1	2 2	1 2 0 1	2 2	16 16 16 16	1023	0	0	0.01998900063	100	2022:10:13 10:10:43	1 1 0 0	1 0 0 0	/base/soc/i2c0mux/i2c@1/ov5647@36	1.533960104 -0.3398919702 -0.1084541157 -0.286455512 1.178185821 0.08640078455 -0.0935889408 0.3772353232 0.6536518335	1 1 1	21	2 2 1 2 0 1	2592 1944	5.038848	0.01998900063
Characterisation/Data/rep/repetitionInTIme/measurement30.dng	11.88	measurement30.dng	Characterisation/Data/rep/repetitionInTIme	10137304	2023:10:09 15:33:09-03:00	2024:07:22 15:42:57-03:00	2024:07:22 15:53:53-03:00	755	DNG	DNG	image/x-adobe-dng	II	Raspberry Pi	/base/soc/i2c0mux/i2c@1/ov5647@36	1	libcamera-still	0	2592	1944	16	1	32803	1	1	2 2	1 2 0 1	2 2	16 16 16 16	1023	0	0	0.01998900063	100	2022:10:13 10:39:48	1 1 0 0	1 0 0 0	/base/soc/i2c0mux/i2c@1/ov5647@36	1.533960104 -0.3398919702 -0.1084541157 -0.286455512 1.178185821 0.08640078455 -0.0935889408 0.3772353232 0.6536518335	1 1 1	21	2 2 1 2 0 1	2592 1944	5.038848	0.01998900063
Characterisation/Data/rep/repetitionInTIme/measurement31.dng	11.88	measurement31.dng	Characterisation/Data/rep/repetitionInTIme	10137304	2023:10:09 15:33:09-03:00	2024:07:22 15:42:57-03:00	2024:07:22 15:53:53-03:00	755	DNG	DNG	image/x-adobe-dng	II	Raspberry Pi	/base/soc/i2c0mux/i2c@1/ov5647@36	1	libcamera-still	0	2592	1944	16	1	32803	1	1	2 2	1 2 0 1	2 2	16 16 16 16	1023	0	0	0.01998900063	100	2022:10:13 10:40:52	1 1 0 0	1 0 0 0	/base/soc/i2c0mux/i2c@1/ov5647@36	1.533960104 -0.3398919702 -0.1084541157 -0.286455512 1.178185821 0.08640078455 -0.0935889408 0.3772353232 0.6536518335	1 1 1	21	2 2 1 2 0 1	2592 1944	5.038848	0.01998900063
Characterisation/Data/rep/repetitionInTIme/measurement32.dng	11.88	measurement32.dng	Characterisation/Data/rep/repetitionInTIme	10137304	2023:10:09 15:33:09-03:00	2024:07:22 15:42:58-03:00	2024:07:22 15:53:53-03:00	755	DNG	DNG	image/x-adobe-dng	II	Raspberry Pi	/base/soc/i2c0mux/i2c@1/ov5647@36	1	libcamera-still	0	2592	1944	16	1	32803	1	1	2 2	1 2 0 1	2 2	16 16 16 16	1023	0	0	0.01998900063	100	2022:10:13 10:41:56	1 1 0 0	1 0 0 0	/base/soc/i2c0mux/i2c@1/ov5647@36	1.533960104 -0.3398919702 -0.1084541157 -0.286455512 1.178185821 0.08640078455 -0.0935889408 0.3772353232 0.6536518335	1 1 1	21	2 2 1 2 0 1	2592 1944	5.038848	0.01998900063
Characterisation/Data/rep/repetitionInTIme/measurement33.dng	11.88	measurement33.dng	Characterisation/Data/rep/repetitionInTIme	10137304	2023:10:09 15:33:09-03:00	2024:07:22 15:42:58-03:00	2024:07:22 15:53:53-03:00	755	DNG	DNG	image/x-adobe-dng	II	Raspberry Pi	/base/soc/i2c0mux/i2c@1/ov5647@36	1	libcamera-still	0	2592	1944	16	1	32803	1	1	2 2	1 2 0 1	2 2	16 16 16 16	1023	0	0	0.01998900063	100	2022:10:13 10:43:00	1 1 0 0	1 0 0 0	/base/soc/i2c0mux/i2c@1/ov5647@36	1.533960104 -0.3398919702 -0.1084541157 -0.286455512 1.178185821 0.08640078455 -0.0935889408 0.3772353232 0.6536518335	1 1 1	21	2 2 1 2 0 1	2592 1944	5.038848	0.01998900063
Characterisation/Data/rep/repetitionInTIme/measurement34.dng	11.88	measurement34.dng	Characterisation/Data/rep/repetitionInTIme	10137304	2023:10:09 15:33:09-03:00	2024:07:22 15:42:58-03:00	2024:07:22 15:53:53-03:00	755	DNG	DNG	image/x-adobe-dng	II	Raspberry Pi	/base/soc/i2c0mux/i2c@1/ov5647@36	1	libcamera-still	0	2592	1944	16	1	32803	1	1	2 2	1 2 0 1	2 2	16 16 16 16	1023	0	0	0.01998900063	100	2022:10:13 10:57:12	1 1 0 0	1 0 0 0	/base/soc/i2c0mux/i2c@1/ov5647@36	1.533960104 -0.3398919702 -0.1084541157 -0.286455512 1.178185821 0.08640078455 -0.0935889408 0.3772353232 0.6536518335	1 1 1	21	2 2 1 2 0 1	2592 1944	5.038848	0.01998900063
Characterisation/Data/rep/repetitionInTIme/measurement35.dng	11.88	measurement35.dng	Characterisation/Data/rep/repetitionInTIme	10137304	2023:10:09 15:33:09-03:00	2024:07:22 15:42:59-03:00	2024:07:22 15:53:53-03:00	755	DNG	DNG	image/x-adobe-dng	II	Raspberry Pi	/base/soc/i2c0mux/i2c@1/ov5647@36	1	libcamera-still	0	2592	1944	16	1	32803	1	1	2 2	1 2 0 1	2 2	16 16 16 16	1023	0	0	0.01998900063	100	2022:10:13 10:58:18	1 1 0 0	1 0 0 0	/base/soc/i2c0mux/i2c@1/ov5647@36	1.533960104 -0.3398919702 -0.1084541157 -0.286455512 1.178185821 0.08640078455 -0.0935889408 0.3772353232 0.6536518335	1 1 1	21	2 2 1 2 0 1	2592 1944	5.038848	0.01998900063
Characterisation/Data/rep/repetitionInTIme/measurement36.dng	11.88	measurement36.dng	Characterisation/Data/rep/repetitionInTIme	10137304	2023:10:09 15:33:09-03:00	2024:07:22 15:42:59-03:00	2024:07:22 15:53:53-03:00	755	DNG	DNG	image/x-adobe-dng	II	Raspberry Pi	/base/soc/i2c0mux/i2c@1/ov5647@36	1	libcamera-still	0	2592	1944	16	1	32803	1	1	2 2	1 2 0 1	2 2	16 16 16 16	1023	0	0	0.01998900063	100	2022:10:13 10:59:22	1 1 0 0	1 0 0 0	/base/soc/i2c0mux/i2c@1/ov5647@36	1.533960104 -0.3398919702 -0.1084541157 -0.286455512 1.178185821 0.08640078455 -0.0935889408 0.3772353232 0.6536518335	1 1 1	21	2 2 1 2 0 1	2592 1944	5.038848	0.01998900063
Characterisation/Data/rep/repetitionInTIme/measurement37.dng	11.88	measurement37.dng	Characterisation/Data/rep/repetitionInTIme	10137304	2023:10:09 15:33:09-03:00	2024:07:22 15:42:59-03:00	2024:07:22 15:53:53-03:00	755	DNG	DNG	image/x-adobe-dng	II	Raspberry Pi	/base/soc/i2c0mux/i2c@1/ov5647@36	1	libcamera-still	0	2592	1944	16	1	32803	1	1	2 2	1 2 0 1	2 2	16 16 16 16	1023	0	0	0.01998900063	100	2022:10:13 11:00:26	1 1 0 0	1 0 0 0	/base/soc/i2c0mux/i2c@1/ov5647@36	1.533960104 -0.3398919702 -0.1084541157 -0.286455512 1.178185821 0.08640078455 -0.0935889408 0.3772353232 0.6536518335	1 1 1	21	2 2 1 2 0 1	2592 1944	5.038848	0.01998900063
Characterisation/Data/rep/repetitionInTIme/measurement38.dng	11.88	measurement38.dng	Characterisation/Data/rep/repetitionInTIme	10137304	2023:10:09 15:33:09-03:00	2024:07:22 15:43:00-03:00	2024:07:22 15:53:53-03:00	755	DNG	DNG	image/x-adobe-dng	II	Raspberry Pi	/base/soc/i2c0mux/i2c@1/ov5647@36	1	libcamera-still	0	2592	1944	16	1	32803	1	1	2 2	1 2 0 1	2 2	16 16 16 16	1023	0	0	0.01998900063	100	2022:10:13 11:01:31	1 1 0 0	1 0 0 0	/base/soc/i2c0mux/i2c@1/ov5647@36	1.533960104 -0.3398919702 -0.1084541157 -0.286455512 1.178185821 0.08640078455 -0.0935889408 0.3772353232 0.6536518335	1 1 1	21	2 2 1 2 0 1	2592 1944	5.038848	0.01998900063
Characterisation/Data/rep/repetitionInTIme/measurement39.dng	11.88	measurement39.dng	Characterisation/Data/rep/repetitionInTIme	10137304	2023:10:09 15:33:09-03:00	2024:07:22 15:43:00-03:00	2024:07:22 15:53:53-03:00	755	DNG	DNG	image/x-adobe-dng	II	Raspberry Pi	/base/soc/i2c0mux/i2c@1/ov5647@36	1	libcamera-still	0	2592	1944	16	1	32803	1	1	2 2	1 2 0 1	2 2	16 16 16 16	1023	0	0	0.01998900063	100	2022:10:13 11:02:35	1 1 0 0	1 0 0 0	/base/soc/i2c0mux/i2c@1/ov5647@36	1.533960104 -0.3398919702 -0.1084541157 -0.286455512 1.178185821 0.08640078455 -0.0935889408 0.3772353232 0.6536518335	1 1 1	21	2 2 1 2 0 1	2592 1944	5.038848	0.01998900063
Characterisation/Data/rep/repetitionInTIme/measurement4.dng	11.88	measurement4.dng	Characterisation/Data/rep/repetitionInTIme	10137304	2023:10:09 15:33:06-03:00	2024:07:22 15:42:48-03:00	2024:07:22 15:53:53-03:00	755	DNG	DNG	image/x-adobe-dng	II	Raspberry Pi	/base/soc/i2c0mux/i2c@1/ov5647@36	1	libcamera-still	0	2592	1944	16	1	32803	1	1	2 2	1 2 0 1	2 2	16 16 16 16	1023	0	0	0.01998900063	100	2022:10:13 10:11:47	1 1 0 0	1 0 0 0	/base/soc/i2c0mux/i2c@1/ov5647@36	1.533960104 -0.3398919702 -0.1084541157 -0.286455512 1.178185821 0.08640078455 -0.0935889408 0.3772353232 0.6536518335	1 1 1	21	2 2 1 2 0 1	2592 1944	5.038848	0.01998900063
Characterisation/Data/rep/repetitionInTIme/measurement40.dng	11.88	measurement40.dng	Characterisation/Data/rep/repetitionInTIme	10137304	2023:10:09 15:33:09-03:00	2024:07:22 15:43:00-03:00	2024:07:22 15:53:53-03:00	755	DNG	DNG	image/x-adobe-dng	II	Raspberry Pi	/base/soc/i2c0mux/i2c@1/ov5647@36	1	libcamera-still	0	2592	1944	16	1	32803	1	1	2 2	1 2 0 1	2 2	16 16 16 16	1023	0	0	0.01998900063	100	2022:10:13 11:03:39	1 1 0 0	1 0 0 0	/base/soc/i2c0mux/i2c@1/ov5647@36	1.533960104 -0.3398919702 -0.1084541157 -0.286455512 1.178185821 0.08640078455 -0.0935889408 0.3772353232 0.6536518335	1 1 1	21	2 2 1 2 0 1	2592 1944	5.038848	0.01998900063
Characterisation/Data/rep/repetitionInTIme/measurement41.dng	11.88	measurement41.dng	Characterisation/Data/rep/repetitionInTIme	10137304	2023:10:09 15:33:09-03:00	2024:07:22 15:43:01-03:00	2024:07:22 15:53:53-03:00	755	DNG	DNG	image/x-adobe-dng	II	Raspberry Pi	/base/soc/i2c0mux/i2c@1/ov5647@36	1	libcamera-still	0	2592	1944	16	1	32803	1	1	2 2	1 2 0 1	2 2	16 16 16 16	1023	0	0	0.01998900063	100	2022:10:13 11:04:43	1 1 0 0	1 0 0 0	/base/soc/i2c0mux/i2c@1/ov5647@36	1.533960104 -0.3398919702 -0.1084541157 -0.286455512 1.178185821 0.08640078455 -0.0935889408 0.3772353232 0.6536518335	1 1 1	21	2 2 1 2 0 1	2592 1944	5.038848	0.01998900063
Characterisation/Data/rep/repetitionInTIme/measurement42.dng	11.88	measurement42.dng	Characterisation/Data/rep/repetitionInTIme	10137304	2023:10:09 15:33:09-03:00	2024:07:22 15:43:01-03:00	2024:07:22 15:53:53-03:00	755	DNG	DNG	image/x-adobe-dng	II	Raspberry Pi	/base/soc/i2c0mux/i2c@1/ov5647@36	1	libcamera-still	0	2592	1944	16	1	32803	1	1	2 2	1 2 0 1	2 2	16 16 16 16	1023	0	0	0.01998900063	100	2022:10:13 11:05:47	1 1 0 0	1 0 0 0	/base/soc/i2c0mux/i2c@1/ov5647@36	1.533960104 -0.3398919702 -0.1084541157 -0.286455512 1.178185821 0.08640078455 -0.0935889408 0.3772353232 0.6536518335	1 1 1	21	2 2 1 2 0 1	2592 1944	5.038848	0.01998900063
Characterisation/Data/rep/repetitionInTIme/measurement43.dng	11.88	measurement43.dng	Characterisation/Data/rep/repetitionInTIme	10137304	2023:10:09 15:33:10-03:00	2024:07:22 15:43:01-03:00	2024:07:22 15:53:53-03:00	755	DNG	DNG	image/x-adobe-dng	II	Raspberry Pi	/base/soc/i2c0mux/i2c@1/ov5647@36	1	libcamera-still	0	2592	1944	16	1	32803	1	1	2 2	1 2 0 1	2 2	16 16 16 16	1023	0	0	0.01998900063	100	2022:10:13 11:06:52	1 1 0 0	1 0 0 0	/base/soc/i2c0mux/i2c@1/ov5647@36	1.533960104 -0.3398919702 -0.1084541157 -0.286455512 1.178185821 0.08640078455 -0.0935889408 0.3772353232 0.6536518335	1 1 1	21	2 2 1 2 0 1	2592 1944	5.038848	0.01998900063
Characterisation/Data/rep/repetitionInTIme/measurement44.dng	11.88	measurement44.dng	Characterisation/Data/rep/repetitionInTIme	10137304	2023:10:09 15:33:10-03:00	2024:07:22 15:43:02-03:00	2024:07:22 15:53:53-03:00	755	DNG	DNG	image/x-adobe-dng	II	Raspberry Pi	/base/soc/i2c0mux/i2c@1/ov5647@36	1	libcamera-still	0	2592	1944	16	1	32803	1	1	2 2	1 2 0 1	2 2	16 16 16 16	1023	0	0	0.01998900063	100	2022:10:13 11:07:57	1 1 0 0	1 0 0 0	/base/soc/i2c0mux/i2c@1/ov5647@36	1.533960104 -0.3398919702 -0.1084541157 -0.286455512 1.178185821 0.08640078455 -0.0935889408 0.3772353232 0.6536518335	1 1 1	21	2 2 1 2 0 1	2592 1944	5.038848	0.01998900063
Characterisation/Data/rep/repetitionInTIme/measurement45.dng	11.88	measurement45.dng	Characterisation/Data/rep/repetitionInTIme	10137304	2023:10:09 15:33:10-03:00	2024:07:22 15:43:02-03:00	2024:07:22 15:53:53-03:00	755	DNG	DNG	image/x-adobe-dng	II	Raspberry Pi	/base/soc/i2c0mux/i2c@1/ov5647@36	1	libcamera-still	0	2592	1944	16	1	32803	1	1	2 2	1 2 0 1	2 2	16 16 16 16	1023	0	0	0.01998900063	100	2022:10:13 11:09:01	1 1 0 0	1 0 0 0	/base/soc/i2c0mux/i2c@1/ov5647@36	1.533960104 -0.3398919702 -0.1084541157 -0.286455512 1.178185821 0.08640078455 -0.0935889408 0.3772353232 0.6536518335	1 1 1	21	2 2 1 2 0 1	2592 1944	5.038848	0.01998900063
Characterisation/Data/rep/repetitionInTIme/measurement46.dng	11.88	measurement46.dng	Characterisation/Data/rep/repetitionInTIme	10137304	2023:10:09 15:33:10-03:00	2024:07:22 15:43:02-03:00	2024:07:22 15:53:53-03:00	755	DNG	DNG	image/x-adobe-dng	II	Raspberry Pi	/base/soc/i2c0mux/i2c@1/ov5647@36	1	libcamera-still	0	2592	1944	16	1	32803	1	1	2 2	1 2 0 1	2 2	16 16 16 16	1023	0	0	0.01998900063	100	2022:10:13 11:10:05	1 1 0 0	1 0 0 0	/base/soc/i2c0mux/i2c@1/ov5647@36	1.533960104 -0.3398919702 -0.1084541157 -0.286455512 1.178185821 0.08640078455 -0.0935889408 0.3772353232 0.6536518335	1 1 1	21	2 2 1 2 0 1	2592 1944	5.038848	0.01998900063
Characterisation/Data/rep/repetitionInTIme/measurement47.dng	11.88	measurement47.dng	Characterisation/Data/rep/repetitionInTIme	10137304	2023:10:09 15:33:10-03:00	2024:07:22 15:43:03-03:00	2024:07:22 15:53:53-03:00	755	DNG	DNG	image/x-adobe-dng	II	Raspberry Pi	/base/soc/i2c0mux/i2c@1/ov5647@36	1	libcamera-still	0	2592	1944	16	1	32803	1	1	2 2	1 2 0 1	2 2	16 16 16 16	1023	0	0	0.01998900063	100	2022:10:13 11:11:09	1 1 0 0	1 0 0 0	/base/soc/i2c0mux/i2c@1/ov5647@36	1.533960104 -0.3398919702 -0.1084541157 -0.286455512 1.178185821 0.08640078455 -0.0935889408 0.3772353232 0.6536518335	1 1 1	21	2 2 1 2 0 1	2592 1944	5.038848	0.01998900063
Characterisation/Data/rep/repetitionInTIme/measurement48.dng	11.88	measurement48.dng	Characterisation/Data/rep/repetitionInTIme	10137304	2023:10:09 15:33:10-03:00	2024:07:22 15:43:03-03:00	2024:07:22 15:53:53-03:00	755	DNG	DNG	image/x-adobe-dng	II	Raspberry Pi	/base/soc/i2c0mux/i2c@1/ov5647@36	1	libcamera-still	0	2592	1944	16	1	32803	1	1	2 2	1 2 0 1	2 2	16 16 16 16	1023	0	0	0.01998900063	100	2022:10:13 11:12:14	1 1 0 0	1 0 0 0	/base/soc/i2c0mux/i2c@1/ov5647@36	1.533960104 -0.3398919702 -0.1084541157 -0.286455512 1.178185821 0.08640078455 -0.0935889408 0.3772353232 0.6536518335	1 1 1	21	2 2 1 2 0 1	2592 1944	5.038848	0.01998900063
Characterisation/Data/rep/repetitionInTIme/measurement49.dng	11.88	measurement49.dng	Characterisation/Data/rep/repetitionInTIme	10137304	2023:10:09 15:33:10-03:00	2024:07:22 15:43:03-03:00	2024:07:22 15:53:53-03:00	755	DNG	DNG	image/x-adobe-dng	II	Raspberry Pi	/base/soc/i2c0mux/i2c@1/ov5647@36	1	libcamera-still	0	2592	1944	16	1	32803	1	1	2 2	1 2 0 1	2 2	16 16 16 16	1023	0	0	0.01998900063	100	2022:10:13 11:13:18	1 1 0 0	1 0 0 0	/base/soc/i2c0mux/i2c@1/ov5647@36	1.533960104 -0.3398919702 -0.1084541157 -0.286455512 1.178185821 0.08640078455 -0.0935889408 0.3772353232 0.6536518335	1 1 1	21	2 2 1 2 0 1	2592 1944	5.038848	0.01998900063
Characterisation/Data/rep/repetitionInTIme/measurement5.dng	11.88	measurement5.dng	Characterisation/Data/rep/repetitionInTIme	10137304	2023:10:09 15:33:07-03:00	2024:07:22 15:42:49-03:00	2024:07:22 15:53:53-03:00	755	DNG	DNG	image/x-adobe-dng	II	Raspberry Pi	/base/soc/i2c0mux/i2c@1/ov5647@36	1	libcamera-still	0	2592	1944	16	1	32803	1	1	2 2	1 2 0 1	2 2	16 16 16 16	1023	0	0	0.01998900063	100	2022:10:13 10:12:51	1 1 0 0	1 0 0 0	/base/soc/i2c0mux/i2c@1/ov5647@36	1.533960104 -0.3398919702 -0.1084541157 -0.286455512 1.178185821 0.08640078455 -0.0935889408 0.3772353232 0.6536518335	1 1 1	21	2 2 1 2 0 1	2592 1944	5.038848	0.01998900063
Characterisation/Data/rep/repetitionInTIme/measurement50.dng	11.88	measurement50.dng	Characterisation/Data/rep/repetitionInTIme	10137304	2023:10:09 15:33:10-03:00	2024:07:22 15:43:04-03:00	2024:07:22 15:53:53-03:00	755	DNG	DNG	image/x-adobe-dng	II	Raspberry Pi	/base/soc/i2c0mux/i2c@1/ov5647@36	1	libcamera-still	0	2592	1944	16	1	32803	1	1	2 2	1 2 0 1	2 2	16 16 16 16	1023	0	0	0.01998900063	100	2022:10:13 11:14:22	1 1 0 0	1 0 0 0	/base/soc/i2c0mux/i2c@1/ov5647@36	1.533960104 -0.3398919702 -0.1084541157 -0.286455512 1.178185821 0.08640078455 -0.0935889408 0.3772353232 0.6536518335	1 1 1	21	2 2 1 2 0 1	2592 1944	5.038848	0.01998900063
Characterisation/Data/rep/repetitionInTIme/measurement51.dng	11.88	measurement51.dng	Characterisation/Data/rep/repetitionInTIme	10137304	2023:10:09 15:33:09-03:00	2024:07:22 15:43:04-03:00	2024:07:22 15:53:53-03:00	755	DNG	DNG	image/x-adobe-dng	II	Raspberry Pi	/base/soc/i2c0mux/i2c@1/ov5647@36	1	libcamera-still	0	2592	1944	16	1	32803	1	1	2 2	1 2 0 1	2 2	16 16 16 16	1023	0	0	0.01998900063	100	2022:10:13 11:15:26	1 1 0 0	1 0 0 0	/base/soc/i2c0mux/i2c@1/ov5647@36	1.533960104 -0.3398919702 -0.1084541157 -0.286455512 1.178185821 0.08640078455 -0.0935889408 0.3772353232 0.6536518335	1 1 1	21	2 2 1 2 0 1	2592 1944	5.038848	0.01998900063
Characterisation/Data/rep/repetitionInTIme/measurement52.dng	11.88	measurement52.dng	Characterisation/Data/rep/repetitionInTIme	10137304	2023:10:09 15:33:10-03:00	2024:07:22 15:43:04-03:00	2024:07:22 15:53:53-03:00	755	DNG	DNG	image/x-adobe-dng	II	Raspberry Pi	/base/soc/i2c0mux/i2c@1/ov5647@36	1	libcamera-still	0	2592	1944	16	1	32803	1	1	2 2	1 2 0 1	2 2	16 16 16 16	1023	0	0	0.01998900063	100	2022:10:13 11:16:31	1 1 0 0	1 0 0 0	/base/soc/i2c0mux/i2c@1/ov5647@36	1.533960104 -0.3398919702 -0.1084541157 -0.286455512 1.178185821 0.08640078455 -0.0935889408 0.3772353232 0.6536518335	1 1 1	21	2 2 1 2 0 1	2592 1944	5.038848	0.01998900063
Characterisation/Data/rep/repetitionInTIme/measurement53.dng	11.88	measurement53.dng	Characterisation/Data/rep/repetitionInTIme	10137304	2023:10:09 15:33:08-03:00	2024:07:22 15:43:05-03:00	2024:07:22 15:53:53-03:00	755	DNG	DNG	image/x-adobe-dng	II	Raspberry Pi	/base/soc/i2c0mux/i2c@1/ov5647@36	1	libcamera-still	0	2592	1944	16	1	32803	1	1	2 2	1 2 0 1	2 2	16 16 16 16	1023	0	0	0.01998900063	100	2022:10:13 11:17:34	1 1 0 0	1 0 0 0	/base/soc/i2c0mux/i2c@1/ov5647@36	1.533960104 -0.3398919702 -0.1084541157 -0.286455512 1.178185821 0.08640078455 -0.0935889408 0.3772353232 0.6536518335	1 1 1	21	2 2 1 2 0 1	2592 1944	5.038848	0.01998900063
Characterisation/Data/rep/repetitionInTIme/measurement54.dng	11.88	measurement54.dng	Characterisation/Data/rep/repetitionInTIme	10137304	2023:10:09 15:33:10-03:00	2024:07:22 15:43:05-03:00	2024:07:22 15:53:53-03:00	755	DNG	DNG	image/x-adobe-dng	II	Raspberry Pi	/base/soc/i2c0mux/i2c@1/ov5647@36	1	libcamera-still	0	2592	1944	16	1	32803	1	1	2 2	1 2 0 1	2 2	16 16 16 16	1023	0	0	0.01998900063	100	2022:10:13 11:18:39	1 1 0 0	1 0 0 0	/base/soc/i2c0mux/i2c@1/ov5647@36	1.533960104 -0.3398919702 -0.1084541157 -0.286455512 1.178185821 0.08640078455 -0.0935889408 0.3772353232 0.6536518335	1 1 1	21	2 2 1 2 0 1	2592 1944	5.038848	0.01998900063
Characterisation/Data/rep/repetitionInTIme/measurement55.dng	11.88	measurement55.dng	Characterisation/Data/rep/repetitionInTIme	10137304	2023:10:09 15:33:10-03:00	2024:07:22 15:43:06-03:00	2024:07:22 15:53:53-03:00	755	DNG	DNG	image/x-adobe-dng	II	Raspberry Pi	/base/soc/i2c0mux/i2c@1/ov5647@36	1	libcamera-still	0	2592	1944	16	1	32803	1	1	2 2	1 2 0 1	2 2	16 16 16 16	1023	0	0	0.01998900063	100	2022:10:13 11:19:43	1 1 0 0	1 0 0 0	/base/soc/i2c0mux/i2c@1/ov5647@36	1.533960104 -0.3398919702 -0.1084541157 -0.286455512 1.178185821 0.08640078455 -0.0935889408 0.3772353232 0.6536518335	1 1 1	21	2 2 1 2 0 1	2592 1944	5.038848	0.01998900063
Characterisation/Data/rep/repetitionInTIme/measurement56.dng	11.88	measurement56.dng	Characterisation/Data/rep/repetitionInTIme	10137304	2023:10:09 15:33:10-03:00	2024:07:22 15:43:06-03:00	2024:07:22 15:53:53-03:00	755	DNG	DNG	image/x-adobe-dng	II	Raspberry Pi	/base/soc/i2c0mux/i2c@1/ov5647@36	1	libcamera-still	0	2592	1944	16	1	32803	1	1	2 2	1 2 0 1	2 2	16 16 16 16	1023	0	0	0.01998900063	100	2022:10:13 11:20:47	1 1 0 0	1 0 0 0	/base/soc/i2c0mux/i2c@1/ov5647@36	1.533960104 -0.3398919702 -0.1084541157 -0.286455512 1.178185821 0.08640078455 -0.0935889408 0.3772353232 0.6536518335	1 1 1	21	2 2 1 2 0 1	2592 1944	5.038848	0.01998900063
Characterisation/Data/rep/repetitionInTIme/measurement57.dng	11.88	measurement57.dng	Characterisation/Data/rep/repetitionInTIme	10137304	2023:10:09 15:33:10-03:00	2024:07:22 15:43:06-03:00	2024:07:22 15:53:53-03:00	755	DNG	DNG	image/x-adobe-dng	II	Raspberry Pi	/base/soc/i2c0mux/i2c@1/ov5647@36	1	libcamera-still	0	2592	1944	16	1	32803	1	1	2 2	1 2 0 1	2 2	16 16 16 16	1023	0	0	0.01998900063	100	2022:10:13 11:21:51	1 1 0 0	1 0 0 0	/base/soc/i2c0mux/i2c@1/ov5647@36	1.533960104 -0.3398919702 -0.1084541157 -0.286455512 1.178185821 0.08640078455 -0.0935889408 0.3772353232 0.6536518335	1 1 1	21	2 2 1 2 0 1	2592 1944	5.038848	0.01998900063
Characterisation/Data/rep/repetitionInTIme/measurement58.dng	11.88	measurement58.dng	Characterisation/Data/rep/repetitionInTIme	10137304	2023:10:09 15:33:11-03:00	2024:07:22 15:43:07-03:00	2024:07:22 15:53:53-03:00	755	DNG	DNG	image/x-adobe-dng	II	Raspberry Pi	/base/soc/i2c0mux/i2c@1/ov5647@36	1	libcamera-still	0	2592	1944	16	1	32803	1	1	2 2	1 2 0 1	2 2	16 16 16 16	1023	0	0	0.01998900063	100	2022:10:13 11:22:55	1 1 0 0	1 0 0 0	/base/soc/i2c0mux/i2c@1/ov5647@36	1.533960104 -0.3398919702 -0.1084541157 -0.286455512 1.178185821 0.08640078455 -0.0935889408 0.3772353232 0.6536518335	1 1 1	21	2 2 1 2 0 1	2592 1944	5.038848	0.01998900063
Characterisation/Data/rep/repetitionInTIme/measurement59.dng	11.88	measurement59.dng	Characterisation/Data/rep/repetitionInTIme	10137304	2023:10:09 15:33:08-03:00	2024:07:22 15:43:07-03:00	2024:07:22 15:53:53-03:00	755	DNG	DNG	image/x-adobe-dng	II	Raspberry Pi	/base/soc/i2c0mux/i2c@1/ov5647@36	1	libcamera-still	0	2592	1944	16	1	32803	1	1	2 2	1 2 0 1	2 2	16 16 16 16	1023	0	0	0.01998900063	100	2022:10:13 11:23:59	1 1 0 0	1 0 0 0	/base/soc/i2c0mux/i2c@1/ov5647@36	1.533960104 -0.3398919702 -0.1084541157 -0.286455512 1.178185821 0.08640078455 -0.0935889408 0.3772353232 0.6536518335	1 1 1	21	2 2 1 2 0 1	2592 1944	5.038848	0.01998900063
Characterisation/Data/rep/repetitionInTIme/measurement6.dng	11.88	measurement6.dng	Characterisation/Data/rep/repetitionInTIme	10137304	2023:10:09 15:33:07-03:00	2024:07:22 15:42:49-03:00	2024:07:22 15:53:53-03:00	755	DNG	DNG	image/x-adobe-dng	II	Raspberry Pi	/base/soc/i2c0mux/i2c@1/ov5647@36	1	libcamera-still	0	2592	1944	16	1	32803	1	1	2 2	1 2 0 1	2 2	16 16 16 16	1023	0	0	0.01998900063	100	2022:10:13 10:13:55	1 1 0 0	1 0 0 0	/base/soc/i2c0mux/i2c@1/ov5647@36	1.533960104 -0.3398919702 -0.1084541157 -0.286455512 1.178185821 0.08640078455 -0.0935889408 0.3772353232 0.6536518335	1 1 1	21	2 2 1 2 0 1	2592 1944	5.038848	0.01998900063
Characterisation/Data/rep/repetitionInTIme/measurement60.dng	11.88	measurement60.dng	Characterisation/Data/rep/repetitionInTIme	10137304	2023:10:09 15:33:11-03:00	2024:07:22 15:43:07-03:00	2024:07:22 15:53:53-03:00	755	DNG	DNG	image/x-adobe-dng	II	Raspberry Pi	/base/soc/i2c0mux/i2c@1/ov5647@36	1	libcamera-still	0	2592	1944	16	1	32803	1	1	2 2	1 2 0 1	2 2	16 16 16 16	1023	0	0	0.01998900063	100	2022:10:13 11:25:04	1 1 0 0	1 0 0 0	/base/soc/i2c0mux/i2c@1/ov5647@36	1.533960104 -0.3398919702 -0.1084541157 -0.286455512 1.178185821 0.08640078455 -0.0935889408 0.3772353232 0.6536518335	1 1 1	21	2 2 1 2 0 1	2592 1944	5.038848	0.01998900063
Characterisation/Data/rep/repetitionInTIme/measurement61.dng	11.88	measurement61.dng	Characterisation/Data/rep/repetitionInTIme	10137304	2023:10:09 15:33:11-03:00	2024:07:22 15:43:08-03:00	2024:07:22 15:53:53-03:00	755	DNG	DNG	image/x-adobe-dng	II	Raspberry Pi	/base/soc/i2c0mux/i2c@1/ov5647@36	1	libcamera-still	0	2592	1944	16	1	32803	1	1	2 2	1 2 0 1	2 2	16 16 16 16	1023	0	0	0.01998900063	100	2022:10:13 11:26:08	1 1 0 0	1 0 0 0	/base/soc/i2c0mux/i2c@1/ov5647@36	1.533960104 -0.3398919702 -0.1084541157 -0.286455512 1.178185821 0.08640078455 -0.0935889408 0.3772353232 0.6536518335	1 1 1	21	2 2 1 2 0 1	2592 1944	5.038848	0.01998900063
Characterisation/Data/rep/repetitionInTIme/measurement62.dng	11.88	measurement62.dng	Characterisation/Data/rep/repetitionInTIme	10137304	2023:10:09 15:33:11-03:00	2024:07:22 15:43:08-03:00	2024:07:22 15:53:53-03:00	755	DNG	DNG	image/x-adobe-dng	II	Raspberry Pi	/base/soc/i2c0mux/i2c@1/ov5647@36	1	libcamera-still	0	2592	1944	16	1	32803	1	1	2 2	1 2 0 1	2 2	16 16 16 16	1023	0	0	0.01998900063	100	2022:10:13 11:27:12	1 1 0 0	1 0 0 0	/base/soc/i2c0mux/i2c@1/ov5647@36	1.533960104 -0.3398919702 -0.1084541157 -0.286455512 1.178185821 0.08640078455 -0.0935889408 0.3772353232 0.6536518335	1 1 1	21	2 2 1 2 0 1	2592 1944	5.038848	0.01998900063
Characterisation/Data/rep/repetitionInTIme/measurement63.dng	11.88	measurement63.dng	Characterisation/Data/rep/repetitionInTIme	10137304	2023:10:09 15:33:11-03:00	2024:07:22 15:43:08-03:00	2024:07:22 15:53:53-03:00	755	DNG	DNG	image/x-adobe-dng	II	Raspberry Pi	/base/soc/i2c0mux/i2c@1/ov5647@36	1	libcamera-still	0	2592	1944	16	1	32803	1	1	2 2	1 2 0 1	2 2	16 16 16 16	1023	0	0	0.01998900063	100	2022:10:13 11:28:17	1 1 0 0	1 0 0 0	/base/soc/i2c0mux/i2c@1/ov5647@36	1.533960104 -0.3398919702 -0.1084541157 -0.286455512 1.178185821 0.08640078455 -0.0935889408 0.3772353232 0.6536518335	1 1 1	21	2 2 1 2 0 1	2592 1944	5.038848	0.01998900063
Characterisation/Data/rep/repetitionInTIme/measurement64.dng	11.88	measurement64.dng	Characterisation/Data/rep/repetitionInTIme	10137304	2023:10:09 15:33:11-03:00	2024:07:22 15:43:09-03:00	2024:07:22 15:53:53-03:00	755	DNG	DNG	image/x-adobe-dng	II	Raspberry Pi	/base/soc/i2c0mux/i2c@1/ov5647@36	1	libcamera-still	0	2592	1944	16	1	32803	1	1	2 2	1 2 0 1	2 2	16 16 16 16	1023	0	0	0.01998900063	100	2022:10:13 11:29:20	1 1 0 0	1 0 0 0	/base/soc/i2c0mux/i2c@1/ov5647@36	1.533960104 -0.3398919702 -0.1084541157 -0.286455512 1.178185821 0.08640078455 -0.0935889408 0.3772353232 0.6536518335	1 1 1	21	2 2 1 2 0 1	2592 1944	5.038848	0.01998900063
Characterisation/Data/rep/repetitionInTIme/measurement65.dng	11.88	measurement65.dng	Characterisation/Data/rep/repetitionInTIme	10137304	2023:10:09 15:33:11-03:00	2024:07:22 15:43:09-03:00	2024:07:22 15:53:53-03:00	755	DNG	DNG	image/x-adobe-dng	II	Raspberry Pi	/base/soc/i2c0mux/i2c@1/ov5647@36	1	libcamera-still	0	2592	1944	16	1	32803	1	1	2 2	1 2 0 1	2 2	16 16 16 16	1023	0	0	0.01998900063	100	2022:10:13 11:30:24	1 1 0 0	1 0 0 0	/base/soc/i2c0mux/i2c@1/ov5647@36	1.533960104 -0.3398919702 -0.1084541157 -0.286455512 1.178185821 0.08640078455 -0.0935889408 0.3772353232 0.6536518335	1 1 1	21	2 2 1 2 0 1	2592 1944	5.038848	0.01998900063
Characterisation/Data/rep/repetitionInTIme/measurement66.dng	11.88	measurement66.dng	Characterisation/Data/rep/repetitionInTIme	10137304	2023:10:09 15:33:11-03:00	2024:07:22 15:43:09-03:00	2024:07:22 15:53:53-03:00	755	DNG	DNG	image/x-adobe-dng	II	Raspberry Pi	/base/soc/i2c0mux/i2c@1/ov5647@36	1	libcamera-still	0	2592	1944	16	1	32803	1	1	2 2	1 2 0 1	2 2	16 16 16 16	1023	0	0	0.01998900063	100	2022:10:13 11:31:29	1 1 0 0	1 0 0 0	/base/soc/i2c0mux/i2c@1/ov5647@36	1.533960104 -0.3398919702 -0.1084541157 -0.286455512 1.178185821 0.08640078455 -0.0935889408 0.3772353232 0.6536518335	1 1 1	21	2 2 1 2 0 1	2592 1944	5.038848	0.01998900063
Characterisation/Data/rep/repetitionInTIme/measurement67.dng	11.88	measurement67.dng	Characterisation/Data/rep/repetitionInTIme	10137304	2023:10:09 15:33:11-03:00	2024:07:22 15:43:10-03:00	2024:07:22 15:53:53-03:00	755	DNG	DNG	image/x-adobe-dng	II	Raspberry Pi	/base/soc/i2c0mux/i2c@1/ov5647@36	1	libcamera-still	0	2592	1944	16	1	32803	1	1	2 2	1 2 0 1	2 2	16 16 16 16	1023	0	0	0.01998900063	100	2022:10:13 11:32:33	1 1 0 0	1 0 0 0	/base/soc/i2c0mux/i2c@1/ov5647@36	1.533960104 -0.3398919702 -0.1084541157 -0.286455512 1.178185821 0.08640078455 -0.0935889408 0.3772353232 0.6536518335	1 1 1	21	2 2 1 2 0 1	2592 1944	5.038848	0.01998900063
Characterisation/Data/rep/repetitionInTIme/measurement68.dng	11.88	measurement68.dng	Characterisation/Data/rep/repetitionInTIme	10137304	2023:10:09 15:33:11-03:00	2024:07:22 15:43:10-03:00	2024:07:22 15:53:53-03:00	755	DNG	DNG	image/x-adobe-dng	II	Raspberry Pi	/base/soc/i2c0mux/i2c@1/ov5647@36	1	libcamera-still	0	2592	1944	16	1	32803	1	1	2 2	1 2 0 1	2 2	16 16 16 16	1023	0	0	0.01998900063	100	2022:10:13 11:33:37	1 1 0 0	1 0 0 0	/base/soc/i2c0mux/i2c@1/ov5647@36	1.533960104 -0.3398919702 -0.1084541157 -0.286455512 1.178185821 0.08640078455 -0.0935889408 0.3772353232 0.6536518335	1 1 1	21	2 2 1 2 0 1	2592 1944	5.038848	0.01998900063
Characterisation/Data/rep/repetitionInTIme/measurement69.dng	11.88	measurement69.dng	Characterisation/Data/rep/repetitionInTIme	10137304	2023:10:09 15:33:11-03:00	2024:07:22 15:43:10-03:00	2024:07:22 15:53:53-03:00	755	DNG	DNG	image/x-adobe-dng	II	Raspberry Pi	/base/soc/i2c0mux/i2c@1/ov5647@36	1	libcamera-still	0	2592	1944	16	1	32803	1	1	2 2	1 2 0 1	2 2	16 16 16 16	1023	0	0	0.01998900063	100	2022:10:13 11:34:42	1 1 0 0	1 0 0 0	/base/soc/i2c0mux/i2c@1/ov5647@36	1.533960104 -0.3398919702 -0.1084541157 -0.286455512 1.178185821 0.08640078455 -0.0935889408 0.3772353232 0.6536518335	1 1 1	21	2 2 1 2 0 1	2592 1944	5.038848	0.01998900063
Characterisation/Data/rep/repetitionInTIme/measurement7.dng	11.88	measurement7.dng	Characterisation/Data/rep/repetitionInTIme	10137304	2023:10:09 15:33:07-03:00	2024:07:22 15:42:49-03:00	2024:07:22 15:53:53-03:00	755	DNG	DNG	image/x-adobe-dng	II	Raspberry Pi	/base/soc/i2c0mux/i2c@1/ov5647@36	1	libcamera-still	0	2592	1944	16	1	32803	1	1	2 2	1 2 0 1	2 2	16 16 16 16	1023	0	0	0.01998900063	100	2022:10:13 10:14:59	1 1 0 0	1 0 0 0	/base/soc/i2c0mux/i2c@1/ov5647@36	1.533960104 -0.3398919702 -0.1084541157 -0.286455512 1.178185821 0.08640078455 -0.0935889408 0.3772353232 0.6536518335	1 1 1	21	2 2 1 2 0 1	2592 1944	5.038848	0.01998900063
Characterisation/Data/rep/repetitionInTIme/measurement70.dng	11.88	measurement70.dng	Characterisation/Data/rep/repetitionInTIme	10137304	2023:10:09 15:33:11-03:00	2024:07:22 15:43:11-03:00	2024:07:22 15:53:53-03:00	755	DNG	DNG	image/x-adobe-dng	II	Raspberry Pi	/base/soc/i2c0mux/i2c@1/ov5647@36	1	libcamera-still	0	2592	1944	16	1	32803	1	1	2 2	1 2 0 1	2 2	16 16 16 16	1023	0	0	0.01998900063	100	2022:10:13 11:35:46	1 1 0 0	1 0 0 0	/base/soc/i2c0mux/i2c@1/ov5647@36	1.533960104 -0.3398919702 -0.1084541157 -0.286455512 1.178185821 0.08640078455 -0.0935889408 0.3772353232 0.6536518335	1 1 1	21	2 2 1 2 0 1	2592 1944	5.038848	0.01998900063
Characterisation/Data/rep/repetitionInTIme/measurement71.dng	11.88	measurement71.dng	Characterisation/Data/rep/repetitionInTIme	10137304	2023:10:09 15:33:11-03:00	2024:07:22 15:43:11-03:00	2024:07:22 15:53:53-03:00	755	DNG	DNG	image/x-adobe-dng	II	Raspberry Pi	/base/soc/i2c0mux/i2c@1/ov5647@36	1	libcamera-still	0	2592	1944	16	1	32803	1	1	2 2	1 2 0 1	2 2	16 16 16 16	1023	0	0	0.01998900063	100	2022:10:13 11:36:50	1 1 0 0	1 0 0 0	/base/soc/i2c0mux/i2c@1/ov5647@36	1.533960104 -0.3398919702 -0.1084541157 -0.286455512 1.178185821 0.08640078455 -0.0935889408 0.3772353232 0.6536518335	1 1 1	21	2 2 1 2 0 1	2592 1944	5.038848	0.01998900063
Characterisation/Data/rep/repetitionInTIme/measurement72.dng	11.88	measurement72.dng	Characterisation/Data/rep/repetitionInTIme	10137304	2023:10:09 15:33:12-03:00	2024:07:22 15:43:11-03:00	2024:07:22 15:53:53-03:00	755	DNG	DNG	image/x-adobe-dng	II	Raspberry Pi	/base/soc/i2c0mux/i2c@1/ov5647@36	1	libcamera-still	0	2592	1944	16	1	32803	1	1	2 2	1 2 0 1	2 2	16 16 16 16	1023	0	0	0.01998900063	100	2022:10:13 11:37:55	1 1 0 0	1 0 0 0	/base/soc/i2c0mux/i2c@1/ov5647@36	1.533960104 -0.3398919702 -0.1084541157 -0.286455512 1.178185821 0.08640078455 -0.0935889408 0.3772353232 0.6536518335	1 1 1	21	2 2 1 2 0 1	2592 1944	5.038848	0.01998900063
Characterisation/Data/rep/repetitionInTIme/measurement73.dng	11.88	measurement73.dng	Characterisation/Data/rep/repetitionInTIme	10137304	2023:10:09 15:33:08-03:00	2024:07:22 15:43:12-03:00	2024:07:22 15:53:53-03:00	755	DNG	DNG	image/x-adobe-dng	II	Raspberry Pi	/base/soc/i2c0mux/i2c@1/ov5647@36	1	libcamera-still	0	2592	1944	16	1	32803	1	1	2 2	1 2 0 1	2 2	16 16 16 16	1023	0	0	0.01998900063	100	2022:10:13 11:38:59	1 1 0 0	1 0 0 0	/base/soc/i2c0mux/i2c@1/ov5647@36	1.533960104 -0.3398919702 -0.1084541157 -0.286455512 1.178185821 0.08640078455 -0.0935889408 0.3772353232 0.6536518335	1 1 1	21	2 2 1 2 0 1	2592 1944	5.038848	0.01998900063
Characterisation/Data/rep/repetitionInTIme/measurement74.dng	11.88	measurement74.dng	Characterisation/Data/rep/repetitionInTIme	10137304	2023:10:09 15:33:12-03:00	2024:07:22 15:43:12-03:00	2024:07:22 15:53:53-03:00	755	DNG	DNG	image/x-adobe-dng	II	Raspberry Pi	/base/soc/i2c0mux/i2c@1/ov5647@36	1	libcamera-still	0	2592	1944	16	1	32803	1	1	2 2	1 2 0 1	2 2	16 16 16 16	1023	0	0	0.01998900063	100	2022:10:13 11:40:03	1 1 0 0	1 0 0 0	/base/soc/i2c0mux/i2c@1/ov5647@36	1.533960104 -0.3398919702 -0.1084541157 -0.286455512 1.178185821 0.08640078455 -0.0935889408 0.3772353232 0.6536518335	1 1 1	21	2 2 1 2 0 1	2592 1944	5.038848	0.01998900063
Characterisation/Data/rep/repetitionInTIme/measurement75.dng	11.88	measurement75.dng	Characterisation/Data/rep/repetitionInTIme	10137304	2023:10:09 15:33:12-03:00	2024:07:22 15:43:12-03:00	2024:07:22 15:53:53-03:00	755	DNG	DNG	image/x-adobe-dng	II	Raspberry Pi	/base/soc/i2c0mux/i2c@1/ov5647@36	1	libcamera-still	0	2592	1944	16	1	32803	1	1	2 2	1 2 0 1	2 2	16 16 16 16	1023	0	0	0.01998900063	100	2022:10:13 11:41:07	1 1 0 0	1 0 0 0	/base/soc/i2c0mux/i2c@1/ov5647@36	1.533960104 -0.3398919702 -0.1084541157 -0.286455512 1.178185821 0.08640078455 -0.0935889408 0.3772353232 0.6536518335	1 1 1	21	2 2 1 2 0 1	2592 1944	5.038848	0.01998900063
Characterisation/Data/rep/repetitionInTIme/measurement76.dng	11.88	measurement76.dng	Characterisation/Data/rep/repetitionInTIme	10137304	2023:10:09 15:33:12-03:00	2024:07:22 15:43:12-03:00	2024:07:22 15:53:53-03:00	755	DNG	DNG	image/x-adobe-dng	II	Raspberry Pi	/base/soc/i2c0mux/i2c@1/ov5647@36	1	libcamera-still	0	2592	1944	16	1	32803	1	1	2 2	1 2 0 1	2 2	16 16 16 16	1023	0	0	0.01998900063	100	2022:10:13 11:42:27	1 1 0 0	1 0 0 0	/base/soc/i2c0mux/i2c@1/ov5647@36	1.533960104 -0.3398919702 -0.1084541157 -0.286455512 1.178185821 0.08640078455 -0.0935889408 0.3772353232 0.6536518335	1 1 1	21	2 2 1 2 0 1	2592 1944	5.038848	0.01998900063
Characterisation/Data/rep/repetitionInTIme/measurement77.dng	11.88	measurement77.dng	Characterisation/Data/rep/repetitionInTIme	10137304	2023:10:09 15:33:12-03:00	2024:07:22 15:43:13-03:00	2024:07:22 15:53:53-03:00	755	DNG	DNG	image/x-adobe-dng	II	Raspberry Pi	/base/soc/i2c0mux/i2c@1/ov5647@36	1	libcamera-still	0	2592	1944	16	1	32803	1	1	2 2	1 2 0 1	2 2	16 16 16 16	1023	0	0	0.01998900063	100	2022:10:13 11:43:32	1 1 0 0	1 0 0 0	/base/soc/i2c0mux/i2c@1/ov5647@36	1.533960104 -0.3398919702 -0.1084541157 -0.286455512 1.178185821 0.08640078455 -0.0935889408 0.3772353232 0.6536518335	1 1 1	21	2 2 1 2 0 1	2592 1944	5.038848	0.01998900063
Characterisation/Data/rep/repetitionInTIme/measurement78.dng	11.88	measurement78.dng	Characterisation/Data/rep/repetitionInTIme	10137304	2023:10:09 15:33:12-03:00	2024:07:22 15:43:13-03:00	2024:07:22 15:53:53-03:00	755	DNG	DNG	image/x-adobe-dng	II	Raspberry Pi	/base/soc/i2c0mux/i2c@1/ov5647@36	1	libcamera-still	0	2592	1944	16	1	32803	1	1	2 2	1 2 0 1	2 2	16 16 16 16	1023	0	0	0.01998900063	100	2022:10:13 11:44:36	1 1 0 0	1 0 0 0	/base/soc/i2c0mux/i2c@1/ov5647@36	1.533960104 -0.3398919702 -0.1084541157 -0.286455512 1.178185821 0.08640078455 -0.0935889408 0.3772353232 0.6536518335	1 1 1	21	2 2 1 2 0 1	2592 1944	5.038848	0.01998900063
Characterisation/Data/rep/repetitionInTIme/measurement79.dng	11.88	measurement79.dng	Characterisation/Data/rep/repetitionInTIme	10137304	2023:10:09 15:33:12-03:00	2024:07:22 15:43:13-03:00	2024:07:22 15:53:53-03:00	755	DNG	DNG	image/x-adobe-dng	II	Raspberry Pi	/base/soc/i2c0mux/i2c@1/ov5647@36	1	libcamera-still	0	2592	1944	16	1	32803	1	1	2 2	1 2 0 1	2 2	16 16 16 16	1023	0	0	0.01998900063	100	2022:10:13 11:45:41	1 1 0 0	1 0 0 0	/base/soc/i2c0mux/i2c@1/ov5647@36	1.533960104 -0.3398919702 -0.1084541157 -0.286455512 1.178185821 0.08640078455 -0.0935889408 0.3772353232 0.6536518335	1 1 1	21	2 2 1 2 0 1	2592 1944	5.038848	0.01998900063
Characterisation/Data/rep/repetitionInTIme/measurement8.dng	11.88	measurement8.dng	Characterisation/Data/rep/repetitionInTIme	10137304	2023:10:09 15:33:07-03:00	2024:07:22 15:42:50-03:00	2024:07:22 15:53:53-03:00	755	DNG	DNG	image/x-adobe-dng	II	Raspberry Pi	/base/soc/i2c0mux/i2c@1/ov5647@36	1	libcamera-still	0	2592	1944	16	1	32803	1	1	2 2	1 2 0 1	2 2	16 16 16 16	1023	0	0	0.01998900063	100	2022:10:13 10:16:03	1 1 0 0	1 0 0 0	/base/soc/i2c0mux/i2c@1/ov5647@36	1.533960104 -0.3398919702 -0.1084541157 -0.286455512 1.178185821 0.08640078455 -0.0935889408 0.3772353232 0.6536518335	1 1 1	21	2 2 1 2 0 1	2592 1944	5.038848	0.01998900063
Characterisation/Data/rep/repetitionInTIme/measurement80.dng	11.88	measurement80.dng	Characterisation/Data/rep/repetitionInTIme	10137304	2023:10:09 15:33:12-03:00	2024:07:22 15:43:13-03:00	2024:07:22 15:53:53-03:00	755	DNG	DNG	image/x-adobe-dng	II	Raspberry Pi	/base/soc/i2c0mux/i2c@1/ov5647@36	1	libcamera-still	0	2592	1944	16	1	32803	1	1	2 2	1 2 0 1	2 2	16 16 16 16	1023	0	0	0.01998900063	100	2022:10:13 11:46:46	1 1 0 0	1 0 0 0	/base/soc/i2c0mux/i2c@1/ov5647@36	1.533960104 -0.3398919702 -0.1084541157 -0.286455512 1.178185821 0.08640078455 -0.0935889408 0.3772353232 0.6536518335	1 1 1	21	2 2 1 2 0 1	2592 1944	5.038848	0.01998900063
Characterisation/Data/rep/repetitionInTIme/measurement81.dng	11.88	measurement81.dng	Characterisation/Data/rep/repetitionInTIme	10137304	2023:10:09 15:33:12-03:00	2024:07:22 15:43:13-03:00	2024:07:22 15:53:53-03:00	755	DNG	DNG	image/x-adobe-dng	II	Raspberry Pi	/base/soc/i2c0mux/i2c@1/ov5647@36	1	libcamera-still	0	2592	1944	16	1	32803	1	1	2 2	1 2 0 1	2 2	16 16 16 16	1023	0	0	0.01998900063	100	2022:10:13 11:47:49	1 1 0 0	1 0 0 0	/base/soc/i2c0mux/i2c@1/ov5647@36	1.533960104 -0.3398919702 -0.1084541157 -0.286455512 1.178185821 0.08640078455 -0.0935889408 0.3772353232 0.6536518335	1 1 1	21	2 2 1 2 0 1	2592 1944	5.038848	0.01998900063
Characterisation/Data/rep/repetitionInTIme/measurement82.dng	11.88	measurement82.dng	Characterisation/Data/rep/repetitionInTIme	10137304	2023:10:09 15:33:12-03:00	2024:07:22 15:43:14-03:00	2024:07:22 15:53:53-03:00	755	DNG	DNG	image/x-adobe-dng	II	Raspberry Pi	/base/soc/i2c0mux/i2c@1/ov5647@36	1	libcamera-still	0	2592	1944	16	1	32803	1	1	2 2	1 2 0 1	2 2	16 16 16 16	1023	0	0	0.01998900063	100	2022:10:13 11:48:54	1 1 0 0	1 0 0 0	/base/soc/i2c0mux/i2c@1/ov5647@36	1.533960104 -0.3398919702 -0.1084541157 -0.286455512 1.178185821 0.08640078455 -0.0935889408 0.3772353232 0.6536518335	1 1 1	21	2 2 1 2 0 1	2592 1944	5.038848	0.01998900063
Characterisation/Data/rep/repetitionInTIme/measurement83.dng	11.88	measurement83.dng	Characterisation/Data/rep/repetitionInTIme	10137304	2023:10:09 15:33:12-03:00	2024:07:22 15:43:14-03:00	2024:07:22 15:53:53-03:00	755	DNG	DNG	image/x-adobe-dng	II	Raspberry Pi	/base/soc/i2c0mux/i2c@1/ov5647@36	1	libcamera-still	0	2592	1944	16	1	32803	1	1	2 2	1 2 0 1	2 2	16 16 16 16	1023	0	0	0.01998900063	100	2022:10:13 11:49:58	1 1 0 0	1 0 0 0	/base/soc/i2c0mux/i2c@1/ov5647@36	1.533960104 -0.3398919702 -0.1084541157 -0.286455512 1.178185821 0.08640078455 -0.0935889408 0.3772353232 0.6536518335	1 1 1	21	2 2 1 2 0 1	2592 1944	5.038848	0.01998900063
Characterisation/Data/rep/repetitionInTIme/measurement84.dng	11.88	measurement84.dng	Characterisation/Data/rep/repetitionInTIme	10137304	2023:10:09 15:33:12-03:00	2024:07:22 15:43:14-03:00	2024:07:22 15:53:53-03:00	755	DNG	DNG	image/x-adobe-dng	II	Raspberry Pi	/base/soc/i2c0mux/i2c@1/ov5647@36	1	libcamera-still	0	2592	1944	16	1	32803	1	1	2 2	1 2 0 1	2 2	16 16 16 16	1023	0	0	0.01998900063	100	2022:10:13 11:51:03	1 1 0 0	1 0 0 0	/base/soc/i2c0mux/i2c@1/ov5647@36	1.533960104 -0.3398919702 -0.1084541157 -0.286455512 1.178185821 0.08640078455 -0.0935889408 0.3772353232 0.6536518335	1 1 1	21	2 2 1 2 0 1	2592 1944	5.038848	0.01998900063
Characterisation/Data/rep/repetitionInTIme/measurement85.dng	11.88	measurement85.dng	Characterisation/Data/rep/repetitionInTIme	10137304	2023:10:09 15:33:12-03:00	2024:07:22 15:43:14-03:00	2024:07:22 15:53:53-03:00	755	DNG	DNG	image/x-adobe-dng	II	Raspberry Pi	/base/soc/i2c0mux/i2c@1/ov5647@36	1	libcamera-still	0	2592	1944	16	1	32803	1	1	2 2	1 2 0 1	2 2	16 16 16 16	1023	0	0	0.01998900063	100	2022:10:13 11:52:07	1 1 0 0	1 0 0 0	/base/soc/i2c0mux/i2c@1/ov5647@36	1.533960104 -0.3398919702 -0.1084541157 -0.286455512 1.178185821 0.08640078455 -0.0935889408 0.3772353232 0.6536518335	1 1 1	21	2 2 1 2 0 1	2592 1944	5.038848	0.01998900063
Characterisation/Data/rep/repetitionInTIme/measurement86.dng	11.88	measurement86.dng	Characterisation/Data/rep/repetitionInTIme	10137304	2023:10:09 15:33:13-03:00	2024:07:22 15:43:14-03:00	2024:07:22 15:53:53-03:00	755	DNG	DNG	image/x-adobe-dng	II	Raspberry Pi	/base/soc/i2c0mux/i2c@1/ov5647@36	1	libcamera-still	0	2592	1944	16	1	32803	1	1	2 2	1 2 0 1	2 2	16 16 16 16	1023	0	0	0.01998900063	100	2022:10:13 11:53:11	1 1 0 0	1 0 0 0	/base/soc/i2c0mux/i2c@1/ov5647@36	1.533960104 -0.3398919702 -0.1084541157 -0.286455512 1.178185821 0.08640078455 -0.0935889408 0.3772353232 0.6536518335	1 1 1	21	2 2 1 2 0 1	2592 1944	5.038848	0.01998900063
Characterisation/Data/rep/repetitionInTIme/measurement87.dng	11.88	measurement87.dng	Characterisation/Data/rep/repetitionInTIme	10137304	2023:10:09 15:33:13-03:00	2024:07:22 15:43:15-03:00	2024:07:22 15:53:53-03:00	755	DNG	DNG	image/x-adobe-dng	II	Raspberry Pi	/base/soc/i2c0mux/i2c@1/ov5647@36	1	libcamera-still	0	2592	1944	16	1	32803	1	1	2 2	1 2 0 1	2 2	16 16 16 16	1023	0	0	0.01998900063	100	2022:10:13 11:54:14	1 1 0 0	1 0 0 0	/base/soc/i2c0mux/i2c@1/ov5647@36	1.533960104 -0.3398919702 -0.1084541157 -0.286455512 1.178185821 0.08640078455 -0.0935889408 0.3772353232 0.6536518335	1 1 1	21	2 2 1 2 0 1	2592 1944	5.038848	0.01998900063
Characterisation/Data/rep/repetitionInTIme/measurement88.dng	11.88	measurement88.dng	Characterisation/Data/rep/repetitionInTIme	10137304	2023:10:09 15:33:13-03:00	2024:07:22 15:43:15-03:00	2024:07:22 15:53:53-03:00	755	DNG	DNG	image/x-adobe-dng	II	Raspberry Pi	/base/soc/i2c0mux/i2c@1/ov5647@36	1	libcamera-still	0	2592	1944	16	1	32803	1	1	2 2	1 2 0 1	2 2	16 16 16 16	1023	0	0	0.01998900063	100	2022:10:13 11:55:18	1 1 0 0	1 0 0 0	/base/soc/i2c0mux/i2c@1/ov5647@36	1.533960104 -0.3398919702 -0.1084541157 -0.286455512 1.178185821 0.08640078455 -0.0935889408 0.3772353232 0.6536518335	1 1 1	21	2 2 1 2 0 1	2592 1944	5.038848	0.01998900063
Characterisation/Data/rep/repetitionInTIme/measurement89.dng	11.88	measurement89.dng	Characterisation/Data/rep/repetitionInTIme	10137304	2023:10:09 15:33:13-03:00	2024:07:22 15:43:15-03:00	2024:07:22 15:53:53-03:00	755	DNG	DNG	image/x-adobe-dng	II	Raspberry Pi	/base/soc/i2c0mux/i2c@1/ov5647@36	1	libcamera-still	0	2592	1944	16	1	32803	1	1	2 2	1 2 0 1	2 2	16 16 16 16	1023	0	0	0.01998900063	100	2022:10:13 11:56:23	1 1 0 0	1 0 0 0	/base/soc/i2c0mux/i2c@1/ov5647@36	1.533960104 -0.3398919702 -0.1084541157 -0.286455512 1.178185821 0.08640078455 -0.0935889408 0.3772353232 0.6536518335	1 1 1	21	2 2 1 2 0 1	2592 1944	5.038848	0.01998900063
Characterisation/Data/rep/repetitionInTIme/measurement9.dng	11.88	measurement9.dng	Characterisation/Data/rep/repetitionInTIme	10137304	2023:10:09 15:33:07-03:00	2024:07:22 15:42:50-03:00	2024:07:22 15:53:53-03:00	755	DNG	DNG	image/x-adobe-dng	II	Raspberry Pi	/base/soc/i2c0mux/i2c@1/ov5647@36	1	libcamera-still	0	2592	1944	16	1	32803	1	1	2 2	1 2 0 1	2 2	16 16 16 16	1023	0	0	0.01998900063	100	2022:10:13 10:17:06	1 1 0 0	1 0 0 0	/base/soc/i2c0mux/i2c@1/ov5647@36	1.533960104 -0.3398919702 -0.1084541157 -0.286455512 1.178185821 0.08640078455 -0.0935889408 0.3772353232 0.6536518335	1 1 1	21	2 2 1 2 0 1	2592 1944	5.038848	0.01998900063
Characterisation/Data/rep/repetitionInTIme/measurement90.dng	11.88	measurement90.dng	Characterisation/Data/rep/repetitionInTIme	10137304	2023:10:09 15:33:13-03:00	2024:07:22 15:43:15-03:00	2024:07:22 15:53:53-03:00	755	DNG	DNG	image/x-adobe-dng	II	Raspberry Pi	/base/soc/i2c0mux/i2c@1/ov5647@36	1	libcamera-still	0	2592	1944	16	1	32803	1	1	2 2	1 2 0 1	2 2	16 16 16 16	1023	0	0	0.01998900063	100	2022:10:13 11:57:27	1 1 0 0	1 0 0 0	/base/soc/i2c0mux/i2c@1/ov5647@36	1.533960104 -0.3398919702 -0.1084541157 -0.286455512 1.178185821 0.08640078455 -0.0935889408 0.3772353232 0.6536518335	1 1 1	21	2 2 1 2 0 1	2592 1944	5.038848	0.01998900063
Characterisation/Data/rep/repetitionInTIme/measurement91.dng	11.88	measurement91.dng	Characterisation/Data/rep/repetitionInTIme	10137304	2023:10:09 15:33:13-03:00	2024:07:22 15:43:15-03:00	2024:07:22 15:53:53-03:00	755	DNG	DNG	image/x-adobe-dng	II	Raspberry Pi	/base/soc/i2c0mux/i2c@1/ov5647@36	1	libcamera-still	0	2592	1944	16	1	32803	1	1	2 2	1 2 0 1	2 2	16 16 16 16	1023	0	0	0.01998900063	100	2022:10:13 11:58:32	1 1 0 0	1 0 0 0	/base/soc/i2c0mux/i2c@1/ov5647@36	1.533960104 -0.3398919702 -0.1084541157 -0.286455512 1.178185821 0.08640078455 -0.0935889408 0.3772353232 0.6536518335	1 1 1	21	2 2 1 2 0 1	2592 1944	5.038848	0.01998900063
Characterisation/Data/rep/repetitionInTIme/measurement92.dng	11.88	measurement92.dng	Characterisation/Data/rep/repetitionInTIme	10137304	2023:10:09 15:33:13-03:00	2024:07:22 15:43:16-03:00	2024:07:22 15:53:53-03:00	755	DNG	DNG	image/x-adobe-dng	II	Raspberry Pi	/base/soc/i2c0mux/i2c@1/ov5647@36	1	libcamera-still	0	2592	1944	16	1	32803	1	1	2 2	1 2 0 1	2 2	16 16 16 16	1023	0	0	0.01998900063	100	2022:10:13 11:59:36	1 1 0 0	1 0 0 0	/base/soc/i2c0mux/i2c@1/ov5647@36	1.533960104 -0.3398919702 -0.1084541157 -0.286455512 1.178185821 0.08640078455 -0.0935889408 0.3772353232 0.6536518335	1 1 1	21	2 2 1 2 0 1	2592 1944	5.038848	0.01998900063
Characterisation/Data/rep/repetitionInTIme/measurement93.dng	11.88	measurement93.dng	Characterisation/Data/rep/repetitionInTIme	10137304	2023:10:09 15:33:13-03:00	2024:07:22 15:43:16-03:00	2024:07:22 15:53:53-03:00	755	DNG	DNG	image/x-adobe-dng	II	Raspberry Pi	/base/soc/i2c0mux/i2c@1/ov5647@36	1	libcamera-still	0	2592	1944	16	1	32803	1	1	2 2	1 2 0 1	2 2	16 16 16 16	1023	0	0	0.01998900063	100	2022:10:13 12:00:41	1 1 0 0	1 0 0 0	/base/soc/i2c0mux/i2c@1/ov5647@36	1.533960104 -0.3398919702 -0.1084541157 -0.286455512 1.178185821 0.08640078455 -0.0935889408 0.3772353232 0.6536518335	1 1 1	21	2 2 1 2 0 1	2592 1944	5.038848	0.01998900063
Characterisation/Data/rep/repetitionInTIme/measurement94.dng	11.88	measurement94.dng	Characterisation/Data/rep/repetitionInTIme	10137304	2023:10:09 15:33:13-03:00	2024:07:22 15:43:16-03:00	2024:07:22 15:53:53-03:00	755	DNG	DNG	image/x-adobe-dng	II	Raspberry Pi	/base/soc/i2c0mux/i2c@1/ov5647@36	1	libcamera-still	0	2592	1944	16	1	32803	1	1	2 2	1 2 0 1	2 2	16 16 16 16	1023	0	0	0.01998900063	100	2022:10:13 12:01:46	1 1 0 0	1 0 0 0	/base/soc/i2c0mux/i2c@1/ov5647@36	1.533960104 -0.3398919702 -0.1084541157 -0.286455512 1.178185821 0.08640078455 -0.0935889408 0.3772353232 0.6536518335	1 1 1	21	2 2 1 2 0 1	2592 1944	5.038848	0.01998900063
Characterisation/Data/rep/repetitionInTIme/measurement95.dng	11.88	measurement95.dng	Characterisation/Data/rep/repetitionInTIme	10137304	2023:10:09 15:33:13-03:00	2024:07:22 15:43:16-03:00	2024:07:22 15:53:53-03:00	755	DNG	DNG	image/x-adobe-dng	II	Raspberry Pi	/base/soc/i2c0mux/i2c@1/ov5647@36	1	libcamera-still	0	2592	1944	16	1	32803	1	1	2 2	1 2 0 1	2 2	16 16 16 16	1023	0	0	0.01998900063	100	2022:10:13 12:02:50	1 1 0 0	1 0 0 0	/base/soc/i2c0mux/i2c@1/ov5647@36	1.533960104 -0.3398919702 -0.1084541157 -0.286455512 1.178185821 0.08640078455 -0.0935889408 0.3772353232 0.6536518335	1 1 1	21	2 2 1 2 0 1	2592 1944	5.038848	0.01998900063
Characterisation/Data/rep/repetitionInTIme/measurement96.dng	11.88	measurement96.dng	Characterisation/Data/rep/repetitionInTIme	10137304	2023:10:09 15:33:13-03:00	2024:07:22 15:43:16-03:00	2024:07:22 15:53:53-03:00	755	DNG	DNG	image/x-adobe-dng	II	Raspberry Pi	/base/soc/i2c0mux/i2c@1/ov5647@36	1	libcamera-still	0	2592	1944	16	1	32803	1	1	2 2	1 2 0 1	2 2	16 16 16 16	1023	0	0	0.01998900063	100	2022:10:13 12:03:55	1 1 0 0	1 0 0 0	/base/soc/i2c0mux/i2c@1/ov5647@36	1.533960104 -0.3398919702 -0.1084541157 -0.286455512 1.178185821 0.08640078455 -0.0935889408 0.3772353232 0.6536518335	1 1 1	21	2 2 1 2 0 1	2592 1944	5.038848	0.01998900063
Characterisation/Data/rep/repetitionInTIme/measurement97.dng	11.88	measurement97.dng	Characterisation/Data/rep/repetitionInTIme	10137304	2023:10:09 15:33:13-03:00	2024:07:22 15:43:17-03:00	2024:07:22 15:53:53-03:00	755	DNG	DNG	image/x-adobe-dng	II	Raspberry Pi	/base/soc/i2c0mux/i2c@1/ov5647@36	1	libcamera-still	0	2592	1944	16	1	32803	1	1	2 2	1 2 0 1	2 2	16 16 16 16	1023	0	0	0.01998900063	100	2022:10:13 12:04:59	1 1 0 0	1 0 0 0	/base/soc/i2c0mux/i2c@1/ov5647@36	1.533960104 -0.3398919702 -0.1084541157 -0.286455512 1.178185821 0.08640078455 -0.0935889408 0.3772353232 0.6536518335	1 1 1	21	2 2 1 2 0 1	2592 1944	5.038848	0.01998900063
Characterisation/Data/rep/repetitionInTIme/measurement98.dng	11.88	measurement98.dng	Characterisation/Data/rep/repetitionInTIme	10137304	2023:10:09 15:33:13-03:00	2024:07:22 15:43:17-03:00	2024:07:22 15:53:53-03:00	755	DNG	DNG	image/x-adobe-dng	II	Raspberry Pi	/base/soc/i2c0mux/i2c@1/ov5647@36	1	libcamera-still	0	2592	1944	16	1	32803	1	1	2 2	1 2 0 1	2 2	16 16 16 16	1023	0	0	0.01998900063	100	2022:10:13 12:06:04	1 1 0 0	1 0 0 0	/base/soc/i2c0mux/i2c@1/ov5647@36	1.533960104 -0.3398919702 -0.1084541157 -0.286455512 1.178185821 0.08640078455 -0.0935889408 0.3772353232 0.6536518335	1 1 1	21	2 2 1 2 0 1	2592 1944	5.038848	0.01998900063
Characterisation/Data/rep/repetitionInTIme/measurement99.dng	11.88	measurement99.dng	Characterisation/Data/rep/repetitionInTIme	10137304	2023:10:09 15:33:14-03:00	2024:07:22 15:43:17-03:00	2024:07:22 15:53:53-03:00	755	DNG	DNG	image/x-adobe-dng	II	Raspberry Pi	/base/soc/i2c0mux/i2c@1/ov5647@36	1	libcamera-still	0	2592	1944	16	1	32803	1	1	2 2	1 2 0 1	2 2	16 16 16 16	1023	0	0	0.01998900063	100	2022:10:13 12:07:08	1 1 0 0	1 0 0 0	/base/soc/i2c0mux/i2c@1/ov5647@36	1.533960104 -0.3398919702 -0.1084541157 -0.286455512 1.178185821 0.08640078455 -0.0935889408 0.3772353232 0.6536518335	1 1 1	21	2 2 1 2 0 1	2592 1944	5.038848	0.01998900063
